Exame,Unidade,Referencia_Texto_Completo,Referencia_Paciente_Especifico,Sexo,Faixa_Etaria,Gestante,Data_Ultima_Atualizacao
Hemograma - Hemacias Em Milhoes,,"mm3 4,30 - 5,70","mm3 4,30 - 5,70",Masculino,Adulto,FALSE,25/10/2025
Hemograma - Hemoglobina,g/dl,"13,0 A 17,5 g/dl","13,0 A 17,5 g/dl",Masculino,Adulto,FALSE,10/08/2026
Hemograma - Hematocrito,%,"39,0 - 50,0","39,0 - 50,0",Masculino,Adulto,FALSE,25/10/2025
Hemograma - V.C.M,fL,"81,0 - 95,0","81,0 - 95,0",Masculino,Adulto,FALSE,25/10/2025
Hemograma - H.C.M,pg,"26,0 - 34,0","26,0 - 34,0",Masculino,Adulto,FALSE,25/10/2025
Hemograma - C.H.C.M,g/dL,"31,0 - 36,0","31,0 - 36,0",Masculino,Adulto,FALSE,25/10/2025
Hemograma - R.D.W,%,"11,8 - 15,6","11,8 - 15,6",Masculino,Adulto,FALSE,25/10/2025
Leucocitos,/mm³,3500 - 10500,3500 - 10500,Masculino,Adulto,FALSE,25/10/2025
Leucograma - Blastos (Absoluto),/mm³,0,0,Masculino,Adulto,FALSE,25/10/2025
Leucograma - Blastos (%),%,,,Masculino,Adulto,FALSE,25/10/2025
Leucograma - Promielocitos (Absoluto),/mm³,0,0,Masculino,Adulto,FALSE,25/10/2025
Leucograma - Promielocitos (%),%,,,Masculino,Adulto,FALSE,25/10/2025
Leucograma - Mielocitos (Absoluto),/mm³,0,0,Masculino,Adulto,FALSE,25/10/2025
Leucograma - Mielocitos (%),%,,,Masculino,Adulto,FALSE,25/10/2025
Leucograma - Metamielocitos (Absoluto),/mm³,0,0,Masculino,Adulto,FALSE,25/10/2025
Leucograma - Metamielocitos (%),%,,,Masculino,Adulto,FALSE,25/10/2025
Leucograma - N. Bastoes (Absoluto),/mm³,até 840,até 840,Masculino,Adulto,FALSE,25/10/2025
Leucograma - N. Bastoes (%),%,,,Masculino,Adulto,FALSE,25/10/2025
Leucograma - N. Segmentados (Absoluto),/mm³,1700 - 8000,1700 - 8000,Masculino,Adulto,FALSE,25/10/2025
Leucograma - N. Segmentados (%),%,,,Masculino,Adulto,FALSE,25/10/2025
Leucograma - Eosinofilos (Absoluto),/mm³,50 - 500,50 - 500,Masculino,Adulto,FALSE,25/10/2025
Leucograma - Eosinofilos (%),%,,,Masculino,Adulto,FALSE,25/10/2025
Leucograma - Monocitos (Absoluto),/mm³,300 - 900,300 - 900,Masculino,Adulto,FALSE,25/10/2025
Leucograma - Monocitos (%),%,,,Masculino,Adulto,FALSE,25/10/2025
Leucograma - Linfocitos (Absoluto),/mm³,900 - 2900,900 - 2900,Masculino,Adulto,FALSE,25/10/2025
Leucograma - Linfocitos (%),%,,,Masculino,Adulto,FALSE,25/10/2025
Glicose em Jejum,mg/dL,"60 A 99 mg/dL Referência: Referência: Artigo ""The Expert Committee on The Diagnosis and Classification of Diabetes Mellitus. Follow-up Report on the Diagnosis of Diabetes Mellitus. Diabetes Care 2003;26(11):3160-3167."" Anteriores: 200 150 100 87 90 91 80 99 81 50 0 04/10/24 25/02/25 30/06/25 25/10/25 19/02/26 10/08/26 08:56:25 08:54:04 10:27:26 08:01:21 07:37:35 07:52:29","60 A 99 mg/dL Referência: Referência: Artigo ""The Expert Committee on The Diagnosis and Classification of Diabetes Mellitus. Follow-up Report on the Diagnosis of Diabetes Mellitus. Diabetes Care 2003;26(11):3160-3167."" Anteriores: 200 150 100 87 90 91 80 99 81 50 0 04/10/24 25/02/25 30/06/25 25/10/25 19/02/26 10/08/26 08:56:25 08:54:04 10:27:26 08:01:21 07:37:35 07:52:29",Ambos,Ambos,FALSE,10/08/2026
Colesterol Total,mg/dL,"VALORES REFERENCIAIS DESEJÁVEIS (COM OU SEM JEJUM): PARA ADULTOS ACIMA 20 ANOS : INFERIOR A 190 mg/dL PARA CRIANÇAS E ADOLESCENTES: INFERIOR A 170 mg/dL NOTA: - Valores de Colesterol Total maior ou igual a 310 mg/dL (para adultos) ou Colesterol Total maior ou igual a 230 mg/dL (entre 2 e 19 ANOS) podem ser indicativos de Hipercolesterolemia Familiar (Europen Heart Journal, doi:10.1093/eurheartj/eht273). - A interpretação clínica dos resultados deverá levar em consideração o motivo da indicação do exame, o estado metabólico do paciente e estratificação do risco para estabelecimento das metas terapêuticas. - Fonte: Consenso Brasileiro para a Normatização da Determinaçãonação Laboratorial do Perfil Lipídico , versão 1.13.",VALORES REFERENCIAIS DESEJÁVEIS (COM OU SEM JEJUM):; ADULTOS ACIMA 20 ANOS : INFERIOR A 190 mg/dL,Ambos,Adulto,FALSE,10/08/2026
Colesterol Não-HDL,mg/dL,"Valor de alvo terapeutico sugerido para categoria de risco cardiovascular estimado pelo medico solicitante para adultos acima de 20 ANOS: Categoria de Risco Meta (com ou sem jejum) mg/dL Risco Baixo................Inferior a 160 Risco Intermediário...Inferior a 130 Risco Alto .................Inferior a 100 Risco Muito Alto........Inferior a 80 NOTA: O Consenso Brasileiro para a Normatizacao de Determinaçãonação Laboratorial do Perfil Lipidico, recomenda a utilização do parâmetro Colesterol Não-HDL,resultante do calculo baseado no Colesterol Total e HDL Colesterol.",Valor de alvo terapeutico sugerido; categoria de risco cardiovascular estimado pelo medico solicitante; adultos acima de 20 ANOS: Categoria de Risco Meta (com ou sem jejum) mg/dL Risco Baixo; Inferior a 160 Risco Intermediário; Inferior a 130 Risco Alto; Inferior a 100 Risco Muito Alto; Inferior a 80,Ambos,Ambos,FALSE,25/02/2025
Colesterol HDL,mg/dL,"VALORES REFERENCIAIS DESEJÁVEIS (COM OU SEM JEJUM): PARA ADULTOS ACIMA DE 20 ANOS: SUPERIOR A 40 mg/dL PARA CRIANÇAS E ADOLESCENTES : SUPERIOR A 45 mg/dL NOTA: - Fontes: Diretriz Brasileira de Dislipidemias e Prevenção da Aterosclerose - 2025 e Consenso Brasileiro para Normatização da Determinaçãonação Laboratorial do Perfil Lipídico, versão 1.13.",VALORES REFERENCIAIS DESEJÁVEIS (COM OU SEM JEJUM):; ADULTOS ACIMA DE 20 ANOS: SUPERIOR A 40 mg/dL,Ambos,Adulto,FALSE,10/08/2026
Triglicerídeos,mg/dL,"VALORES REFERENCIAIS DESEJÁVEIS: PARA ADULTOS ACIMA 20 ANOS: (COM JEJUM): INFERIOR A 150 mg/dL (SEM JEJUM): INFERIOR A 175 mg/dL PARA CRIANÇAS E ADOLESCENTES: DE 0 A 9 ANOS (COM JEJUM): INFERIOR A 75 mg/dL (SEM JEJUM): INFERIOR A 85 mg/dL DE 10 A 19 ANOS (COM JEJUM): INFERIOR A 90 mg/dL (SEM JEJUM): INFERIOR A 100 mg/dL NOTAS: - A interpretação clínica dos resultados deverá levar em consideração o motivo da indicação do exame, o estado metabólico do paciente e estratificação do risco para estabelecimento das metas terapêuticas. - Quando os níveis de triglicérides estiverem acima de 440 mg/dL (sem jejum) sugere-se nova determinação dos triglicérides com jejum de","VALORES REFERENCIAIS DESEJÁVEIS:; ADULTOS ACIMA 20 ANOS: (COM JEJUM): INFERIOR A 150 mg/dL (SEM JEJUM): INFERIOR A 175 mg/dL; 9 ANOS (COM JEJUM): INFERIOR A 75 mg/dL (SEM JEJUM): INFERIOR A 85 mg/dL; 19 ANOS (COM JEJUM): INFERIOR A 90 mg/dL (SEM JEJUM): INFERIOR A 100 mg/dL NOTAS: - A interpretação clínica dos resultados deverá levar em consideração o motivo da indicação do exame, o estado metabólico do paciente e estratificação do risco; estabelecimento das metas terapêuticas; - Quando os níveis de triglicérides estiverem acima de 440 mg/dL (sem jejum) sugere-se nova determinação dos triglicérides com jejum de",Ambos,Adulto,FALSE,10/08/2026
Ureia,mg/dl,"RECÉM-NASCIDOS : DE 8,4 A 25,8 mg/dL Referencia : CRIANÇAS : DE 10,8 A 38,4 mg/dL ADULTOS ATÉ 50 ANOS : DE 15,0 A 44,1 mg/dL ADULTOS ACIMA DE 50 ANOS : DE 18,0 A 55,0 mg/dL 80 60 50,9 41,5 40 28,9 20 0 25/10/25 19/02/26 10/08/26 08:01:23 07:37:38 07:52:26","RECÉM-NASCIDOS : DE 8,4 A 25,8 mg/dL Referencia : CRIANÇAS : DE 10,8 A 38,4 mg/dL ADULTOS ATÉ 50 ANOS : DE 15,0 A 44,1 mg/dL ADULTOS ACIMA DE 50 ANOS : DE 18,0 A 55,0 mg/dL 80 60 50,9 41,5 40 28,9 20 0 25/10/25 19/02/26 10/08/26 08:01:23 07:37:38 07:52:26",Ambos,Adulto,FALSE,10/08/2026
Creatinina Sérica,mg/dL,"referência: HOMENS INFERIOR A 50 ANOS 0,84 A 1,25 mg/dL HOMENS SUPERIOR A 50 ANOS 0,81 A 1,44 mg/dL MULHERES 0,66 A 1,09 mg/dL RECEM NASCIDOS 0,5 A 1,2 mg/dL INFANTIL 0,4 A 0,7 mg/dL CRIANCA 0,5 A 1,2 mg/dL 2 1,5 1,06 1,09 1,12 1,07 0,97 1,01 1 0,5 0 07/12/18 21/03/20 21/09/21 21/10/22 04/01/24 25/02/25 08:20:00 07:19:06 10:31:18 08:02:40 08:23:22 08:54:29","referência: HOMENS INFERIOR A 50 ANOS 0,84 A 1,25 mg/dL HOMENS SUPERIOR A 50 ANOS 0,81 A 1,44 mg/dL MULHERES 0,66 A 1,09 mg/dL RECEM NASCIDOS 0,5 A 1,2 mg/dL INFANTIL 0,4 A 0,7 mg/dL CRIANCA 0,5 A 1,2 mg/dL 2 1,5 1,06 1,09 1,12 1,07 0,97 1,01 1 0,5 0 07/12/18 21/03/20 21/09/21 21/10/22 04/01/24 25/02/25 08:20:00 07:19:06 10:31:18 08:02:40 08:23:22 08:54:29",Masculino,Ambos,FALSE,25/02/2025
Potássio,mEq/L,"3,5 A 5,1 mEq/L Referencia : 7 6 5 4,5 4,7 4,6 4,9 4,3 3,8 4 3 2 21/10/22 04/01/24 25/02/25 25/10/25 19/02/26 10/08/26 08:07:08 08:23:43 08:54:04 08:01:21 07:37:35 07:52:29","3,5 A 5,1 mEq/L Referencia : 7 6 5 4,5 4,7 4,6 4,9 4,3 3,8 4 3 2 21/10/22 04/01/24 25/02/25 25/10/25 19/02/26 10/08/26 08:07:08 08:23:43 08:54:04 08:01:21 07:37:35 07:52:29",Ambos,Ambos,FALSE,10/08/2026
Ácido Úrico,mg/dl,"HOMENS : DE 3,7 A 7,7 mg/dL Referencia : MULHERES: DE 2,5 A 6,2 mg/dL NOTA: - Pacientes em tratamento para gota, recomenda-se níveis séricos de ácido úrico abaixo de 6 mg/dL. 10 8 6 4 3,3 3,5 2 25/10/25 10/08/26 08:02:35 07:52:30","HOMENS : DE 3,7 A 7,7 mg/dL Referencia : MULHERES: DE 2,5 A 6,2 mg/dL",Masculino,Ambos,FALSE,10/08/2026
TGO (AST),U/L,"referência:HOMEM (ADULTOS) INFERIOR A 50 U/L MULHER (ADULTOS) INFERIOR A 35 U/L RECEM NASCIDOS 25 A 75 U/L INFANTIL 15 A 60 U/L Especificacoes da Qualidade Analitica: Coeficiente de Variacao Biologica Intra-Individual: 12,3% Erro Total Permitido..............................: 16,69% FONTE: James Westgard - EUA 100 80 60 40 16 16 16 16 19 17 20","referência:HOMEM (ADULTOS) INFERIOR A 50 U/L MULHER (ADULTOS) INFERIOR A 35 U/L RECEM NASCIDOS 25 A 75 U/L INFANTIL 15 A 60 U/L Especificacoes da Qualidade Analitica: Coeficiente de Variacao Biologica Intra-Individual: 12,3% Erro Total Permitido; : 16,69%",Masculino,Adulto,FALSE,25/02/2025
TGP (ALT),U/L,"HOMEM (ADULTOS) INFERIOR A 50 U/L Referencia : MULHER (ADULTOS) INFERIOR A 35 U/L RECEM NASCIDOS/CRIANCA COM MENOS DE 7 ANOS 13 A 45 U/L Especificacoes da Qualidade Analitica: Coeficiente de Variacao Biologica Intra-Individual: 19,40% Erro Total Permitido..............................: 27,48% FONTE: James Westgard - EUA 80 60 40 21 23 18 16 20 17 20 0 03/09/20 24/04/21 21/09/21 21/10/22 04/01/24 25/02/25","HOMEM (ADULTOS) INFERIOR A 50 U/L Referencia : MULHER (ADULTOS) INFERIOR A 35 U/L RECEM NASCIDOS/CRIANCA COM MENOS DE 7 ANOS 13 A 45 U/L Especificacoes da Qualidade Analitica: Coeficiente de Variacao Biologica Intra-Individual: 19,40% Erro Total Permitido; : 27,48%",Masculino,Adulto,FALSE,25/02/2025
Gama Gt,U/L,"HOMENS ADULTOS INFERIOR A 55 U/L Referencia : MULHERES ADULTAS INFERIOR A 38 U/L CRIANCAS HOMENS(U/L) MULHERES(U/L) 1 A 182 DIAS 12 A 122 15 A 132 183 A 365 DIAS 1 A 39 1 A 39 1 A 12 ANOS 3 A 22 4 A 22 13 A 18 ANOS 2 A 42 4 A 24 Especificacoes da Qualidade Analitica: Coeficiente de Variacao Biologica Intra-Individual: 13,4% 100 80 60 40 20 20,00 16,00 18,00 17,00 16,00 14,00","HOMENS ADULTOS INFERIOR A 55 U/L Referencia : MULHERES ADULTAS INFERIOR A 38 U/L CRIANCAS HOMENS(U/L) MULHERES(U/L) 1 A 182 DIAS 12 A 122 15 A 132 183 A 365 DIAS 1 A 39 1 A 39 1 A 12 ANOS 3 A 22 4 A 22 13 A 18 ANOS 2 A 42 4 A 24 Especificacoes da Qualidade Analitica: Coeficiente de Variacao Biologica Intra-Individual: 13,4% 100 80 60 40 20 20,00 16,00 18,00 17,00 16,00 14,00",Masculino,Adulto,FALSE,25/02/2025
Cpk Creatino Fosfoquinase,U/L,HOMENS : INFERIOR OU IGUAL A 200 U/L Referencia : MULHERES: INFERIOR OU IGUAL A 180 U/L Atenção para alteração no valor de referência a partir de 11/06/25 1.500 1.000 500 132 174 0 25/10/25 10/08/26 08:02:35 07:52:30,HOMENS : INFERIOR OU IGUAL A 200 U/L Referencia : MULHERES: INFERIOR OU IGUAL A 180 U/L,Masculino,Ambos,FALSE,10/08/2026
Hemoglobina Glicada (HbA1c),%,"referência:MENOR QUE 5,7% DIABETES MELLITUS: PRÉ-DIABETES: DE 5,7 A 6,4% DIAGNÓSTICO : IGUAL OU MAIOR QUE 6,5% BOM CONTROLE : MENOR QUE 7%","referência:MENOR QUE 5,7% DIABETES MELLITUS: PRÉ-DIABETES: DE 5,7 A 6,4% DIAGNÓSTICO : IGUAL OU MAIOR QUE 6,5% BOM CONTROLE : MENOR QUE 7%",Masculino,Adulto,FALSE,10/08/2026
Psa Total (Antigeno Prostatico Especifico),ng/mL,"referência:Vide nota NOTA 1: - O PSA total deve ser interpretado considerando vários fatores: idade, história clínica, volume prostático, uso de medicação específica e condições de preparo do paciente previamente à coleta. - Não há um valor referencial de PSA total aplicável a todos os indivíduos. No entanto, um PSA total abaixo de 2,5 ng/mL pode ser considerado adequado naqueles pacientes não submetidos a procedimentos clínicos e cirúrgicos da próstata ou em tratamento específico. - A análise conjunta do resultado atual com o histórico evolutivo dos resultados, eleva significativamente o valor clínico do PSA total.",referência:Vide,Masculino,Ambos,FALSE,21/10/2022
Tsh Ultra-Sensível,mUI/L,"20 - 59 a: 0,45 a 4,5 mUI/L NOTA(1): Segundo recomendação da Sociedade Brasileira de Endocrinologia (SBEM), durante a gestação os valores de referência do TSH são: - primeiro trimestre: 0,1-2,5 mUI/L; - segundo trimestre : 0,2-3,5 mUI/L; - terceiro trimestre: 0,3-3,5 mUI/L. Segundo a Associação Americana de Tiroide (ATA), no primeiro trimestre o valor superior de normalidade deve ser reduzido em 0,5 mUI/L, o que corresponde a 4,0 mUI/L quando utilizado este método. Ref: Arq Bras Endocrinol Metab. 2013:57(3):166-183. Thyroid. 2017: 27(3): 315- 388. NOTA(2):O uso de biotina em doses acima de 5.000 mcg/dia (5 mg/dia) pode interferir no resultado deste exame. No caso de incompatibilidade do resultado com o quadro clínico, a suspensão da biotina por cerca de 72 horas deve eliminar essa interferência.","20 - 59 a: 0,45 a 4,5 mUI/L",Ambos,Ambos,FALSE,21/10/2022
Tiroxina (T4) Livre,ng/dL,"referência:0 a 6 dias: .......0,9 a 2,5 ng/dL 7 dias a 3 meses:..0,9 a 2,2 ng/dL 4 a 23 meses:......0,9 a 2,0 ng/dL 2 a 6 ANOS:........1,0 a 1,8 ng/dL 7 a 11 ANOS:.......1,0 a 1,7ng/dL 12 a 20 ANOS:......1,0 a 1,6ng/dL Acima de 20 ANOS:. 0,9 a 1,7 ng/dL Em mulheres gestantes: 1o. trimestre: 0,9 a 1,5 ng/dL 2o. trimestre: 0,7 a 1,3 ng/dL 3o. trimestre: 0,6 a 1,2 ng/dL Ref.: Reference Intervals for Children and Adults, Roche Diagnostics (Germany). NOTA(1): Os valores de referência de T4 livre foram validados a partir","referência:0 a 6 dias:; 0,9 a 2,5 ng/dL 7 dias a 3 meses:; 0,9 a 2,2 ng/dL 4 a 23 meses:; 0,9 a 2,0 ng/dL 2 a 6 ANOS:; 1,0 a 1,8 ng/dL 7 a 11 ANOS:; 1,0 a 1,7ng/dL 12 a 20 ANOS:; 1,0 a 1,6ng/dL Acima de 20 ANOS:; trimestre: 0,9 a 1,5 ng/dL 2o; trimestre: 0,7 a 1,3 ng/dL 3o; trimestre: 0,6 a 1,2 ng/dL Ref; : Reference Intervals for Children and Adults, Roche Diagnostics (Germany)",Masculino,Ambos,FALSE,21/10/2022
TSH Ultra Sensível,microUI/mL,"CRIANÇAS : DE 1 A 23 MESES : DE 0,62 A 7,55 microUI/mL DE 2 A 12 ANOS : DE 0,63 A 5,79 microUI/mL DE 13 A 18 ANOS : DE 0,42 A 5,23 microUI/mL ADULTOS : DE 0,35 A 4,94 microUI/mL GESTANTES: PRIMEIRO TRIMESTRE: DE 0,13 A 4,16 microUI/mL SEGUNDO TRIMESTRE : DE 0,31 A 3,73 microUI/mL TERCEIRO TRIMESTRE : DE 0,58 A 4,36 microUI/mL 6 4 2 1,18 1,48 1,52 1,78 0 30/06/25 25/10/25 19/02/26 10/08/26 10:27:26 08:01:23 07:37:38 07:52:26","23 MESES : DE 0,62 A 7,55 microUI/mL; 12 ANOS : DE 0,63 A 5,79 microUI/mL",Ambos,Adulto,FALSE,10/08/2026
T4 Livre,,"ADULTOS : DE 0,75 A 1,22 ng/dL GESTANTES: 1º TRIMESTRE: DE 0,85 A 1,35 ng/dL 2º TRIMESTRE : DE 0,81 A 1,17 ng/dL 3º TRIMESTRE : DE 0,65 A 1,05 ng/dL PEDIÁTRICOS: < 1 MÊS : NÃO DISPONÍVEL DE 1 A 23 MESES : DE 0,86 A 1,32 ng/dL DE 2 A 12 ANOS : DE 0,84 A 1,32 ng/dL DE 13 A 18 ANOS : DE 0,81 A 1,32 ng/dL 2 1,5 1 0,96 0,88 0,98 0,5 30/06/25 25/10/25 19/02/26 10:27:26 08:01:23 07:37:38","23 MESES : DE 0,86 A 1,32 ng/dL; 12 ANOS : DE 0,84 A 1,32 ng/dL; 18 ANOS : DE 0,81 A 1,32 ng/dL 2 1,5 1 0,96 0,88 0,98 0,5 30/06/25 25/10/25 19/02/26 10:27:26 08:01:23 07:37:38",Ambos,Adulto,FALSE,19/02/2026
Glicemia Média Estimada,mg/dL,Calculada com base na HbA1c,Calculada com base na HbA1c,Ambos,Ambos,FALSE,10/08/2026
Insulina Basal,microUI/mL,"DE 3,0 a 25,0 microUI/mL","DE 3,0 a 25,0 microUI/mL",Ambos,Ambos,FALSE,04/10/2024
Testosterona Total,ng/dL,referência:ADULTOS : HOMEM : DE 165 A 753 ng/dL MULHER : DE 12 A 60 ng/dL,referência:ADULTOS : HOMEM :; 60 ng/dL,Masculino,Adulto,FALSE,24/07/2024
Psa Total Ultra Sensível,ng/mL,"INFERIOR OU IGUAL A 2,50 ng/mL NOTAS: - Este exame, de forma isolada, não permite o diagnóstico de neoplasia de próstata. Todo resultado de PSA, independente do seu valor, deve ser avaliado conjuntamente com o exame objetivo da próstata e fatores de risco associados. - Aumentos transitórios podem ocorrer em pacientes sem evidência de neoplasia e em condições clínicas benignas. - Intervenções terapêuticas fundamentadas exclusivamente em uma única dosagem de PSA não são recomendadas. - Atenção para mudanças de fabricante. Clientes em acompanhamento e com níveis elevados de PSA deverão ter seus valores realinhados. Atenção para alteração no método e notas a partir de 09/06/25 4","INFERIOR OU IGUAL A 2,50 ng/mL NOTAS: - Este exame, de forma isolada, não permite o diagnóstico de neoplasia de próstata. Todo resultado de PSA, independente do seu valor, deve ser avaliado conjuntamente com o exame objetivo da próstata e fatores de risco associados. - Aumentos transitórios podem ocorrer em pacientes sem evidência de neoplasia e em condições clínicas benignas. - Intervenções terapêuticas fundamentadas exclusivamente em uma única dosagem de PSA não são recomendadas. -",Masculino,Ambos,FALSE,10/08/2026
Hemograma - Hemacias Em Milhoes,,"mm3 3,90 - 5,00","mm3 3,90 - 5,00",Feminino,Adulto,FALSE,25/10/2025
Hemograma - Hemoglobina,g/dl,"12,0 A 16,0 g/dl","12,0 A 16,0 g/dl",Feminino,Adulto,FALSE,10/08/2026
Hemograma - Hematocrito,%,"35,0 - 45,0","35,0 - 45,0",Feminino,Adulto,FALSE,25/10/2025
Hemograma - V.C.M,fL,"82,0 - 98,0","82,0 - 98,0",Feminino,Adulto,FALSE,25/10/2025
Hemograma - H.C.M,pg,"26,0 - 34,0","26,0 - 34,0",Feminino,Adulto,FALSE,25/10/2025
Hemograma - C.H.C.M,g/dL,"31,0 - 36,0","31,0 - 36,0",Feminino,Adulto,FALSE,25/10/2025
Hemograma - R.D.W,%,"11,9 - 15,5","11,9 - 15,5",Feminino,Adulto,FALSE,25/10/2025
Leucocitos,/mm³,3500 - 10500,3500 - 10500,Feminino,Adulto,FALSE,25/10/2025
Leucograma - Blastos (Absoluto),/mm³,0,0,Feminino,Adulto,FALSE,25/10/2025
Leucograma - Blastos (%),%,,,Feminino,Adulto,FALSE,25/10/2025
Leucograma - Promielocitos (Absoluto),/mm³,0,0,Feminino,Adulto,FALSE,25/10/2025
Leucograma - Promielocitos (%),%,,,Feminino,Adulto,FALSE,25/10/2025
Leucograma - Mielocitos (Absoluto),/mm³,0,0,Feminino,Adulto,FALSE,25/10/2025
Leucograma - Mielocitos (%),%,,,Feminino,Adulto,FALSE,25/10/2025
Leucograma - Metamielocitos (Absoluto),/mm³,0,0,Feminino,Adulto,FALSE,25/10/2025
Leucograma - Metamielocitos (%),%,,,Feminino,Adulto,FALSE,25/10/2025
Leucograma - N. Bastoes (Absoluto),/mm³,até 840,até 840,Feminino,Adulto,FALSE,25/10/2025
Leucograma - N. Bastoes (%),%,,,Feminino,Adulto,FALSE,25/10/2025
Leucograma - N. Segmentados (Absoluto),/mm³,1800 - 8000,1800 - 8000,Feminino,Adulto,FALSE,25/10/2025
Leucograma - N. Segmentados (%),%,,,Feminino,Adulto,FALSE,25/10/2025
Leucograma - Eosinofilos (Absoluto),/mm³,50 - 500,50 - 500,Feminino,Adulto,FALSE,25/10/2025
Leucograma - Eosinofilos (%),%,,,Feminino,Adulto,FALSE,25/10/2025
Leucograma - Monocitos (Absoluto),/mm³,300 - 900,300 - 900,Feminino,Adulto,FALSE,25/10/2025
Leucograma - Monocitos (%),%,,,Feminino,Adulto,FALSE,25/10/2025
Leucograma - Linfocitos (Absoluto),/mm³,900 - 2900,900 - 2900,Feminino,Adulto,FALSE,25/10/2025
Leucograma - Linfocitos (%),%,,,Feminino,Adulto,FALSE,25/10/2025
Hemoglobina Glicada (HbA1c),%,"referência:MENOR QUE 5,7% DIABETES MELLITUS: PRÉ-DIABETES: DE 5,7 A 6,4% DIAGNÓSTICO : IGUAL OU MAIOR QUE 6,5% BOM CONTROLE : MENOR QUE 7%","referência:MENOR QUE 5,7% DIABETES MELLITUS: PRÉ-DIABETES: DE 5,7 A 6,4% DIAGNÓSTICO : IGUAL OU MAIOR QUE 6,5% BOM CONTROLE : MENOR QUE 7%",Feminino,Adulto,FALSE,10/08/2026
25-Hidroxivitamina D,ng/mL,"DEFICIENTE : INFERIOR A 20,0 ng/mL ADEQUADO PARA A POPULAÇÃO GERAL: ENTRE 20,0 E 60,0 ng/mL IDEAL (GRUPOS DE RISCO) : DE 30,0 a 60,0 ng/mL RISCO DE INTOXICAÇÃO : SUPERIOR A 100,0 ng/mL NOTA: - Grupos de risco: idosos, pós cirurgia bariátrica, gestantes, osteomalácia, osteoporose, paciente com história de quedas e fraturas, hiperparatiroidismo secundário, uso de drogas que interferem no metabolismo da vitamina D, diabetes mellitus tipo 1, câncer, doença renal crônica e síndromes de má-absorção. 100 80 72,3 60 40,1 42,5 45,5 38,4 40","DEFICIENTE : INFERIOR A 20,0 ng/mL ADEQUADO PARA A POPULAÇÃO GERAL: ENTRE 20,0 E 60,0 ng/mL IDEAL (GRUPOS DE RISCO) : DE 30,0 a 60,0 ng/mL RISCO DE INTOXICAÇÃO : SUPERIOR A 100,0 ng/mL",Ambos,Ambos,FALSE,10/08/2026
Vitamina B12,pg/mL,DE 181 a 906 pg mL 2.000 1.500 1.000 679 882 863 734 500 0 30/06/25 25/10/25 19/02/26 10/08/26 10:27:26 08:01:21 07:37:35 07:52:29,DE 181 a 906 pg mL 2.000 1.500 1.000 679 882 863 734 500 0 30/06/25 25/10/25 19/02/26 10/08/26 10:27:26 08:01:21 07:37:35 07:52:29,Ambos,Ambos,FALSE,10/08/2026
Sódio,mEq/L,136 a 145 mEq/L Referencia : 180 160 140 134 136 136 120 100 25/10/25 19/02/26 10/08/26 08:01:21 07:37:35 07:52:29,136 a 145 mEq/L Referencia : 180 160 140 134 136 136 120 100 25/10/25 19/02/26 10/08/26 08:01:21 07:37:35 07:52:29,Ambos,Ambos,FALSE,10/08/2026
Creatinina Sérica,mg/dL,"referência: HOMEM : DE 0,60 A 1,30 mg/dL MULHER : DE 0,50 A 1,10 mg/dL IDADE SEXO MASCULINO SEXO FEMININO DE 0 A 14 DIAS DE 0,42 A 1,05 mg/dL DE 0,42 A 1,05 mg/dL DE 15 DIAS A 11 MESES DE 0,31 A 0,53 mg/dL DE 0,31 A 0,53 mg/dL DE 1 A 3 ANOS DE 0,39 A 0,55 mg/dL DE 0,39 A 0,55 mg/dL DE 4 A 6 ANOS DE 0,44 A 0,65 mg/dL DE 0,44 A 0,65 mg/dL DE 7 A 11 ANOS DE 0,52 A 0,69 mg/dL DE 0,52 A 0,69 mg/dL DE 12 A 14 ANOS DE 0,57 A 0,80 mg/dL DE 0,57 A 0,80 mg/dL DE 15 A 16 ANOS DE 0,65 A 1,04 mg/dL DE 0,59 A 0,86 mg/dL DE 17 A 18 ANOS DE 0,69 A 1,10 mg/dL DE 0,60 A 0,88 mg/dL RITMO DE FILTRAÇÃO GLOMERULAR","referência: HOMEM : DE 0,60 A 1,30 mg/dL MULHER : DE 0,50 A 1,10 mg/dL IDADE SEXO; FEMININO; 14 DIAS DE 0,42 A 1,05 mg/dL DE 0,42 A 1,05 mg/dL DE 15 DIAS A 11 MESES DE 0,31 A 0,53 mg/dL DE 0,31 A 0,53 mg/dL; 3 ANOS DE 0,39 A 0,55 mg/dL DE 0,39 A 0,55 mg/dL; 6 ANOS DE 0,44 A 0,65 mg/dL DE 0,44 A 0,65 mg/dL; 11 ANOS DE 0,52 A 0,69 mg/dL DE 0,52 A 0,69 mg/dL; 14 ANOS DE 0,57 A 0,80 mg/dL DE 0,57 A 0,80 mg/dL; 16 ANOS DE 0,65 A 1,04 mg/dL DE 0,59 A 0,86 mg/dL; 18 ANOS DE 0,69 A 1,10 mg/dL DE 0,60 A 0,88 mg/dL RITMO DE FILTRAÇÃO GLOMERULAR",Feminino,Ambos,FALSE,30/06/2025
Ácido Úrico,mg/dl,"HOMENS : DE 3,7 A 7,7 mg/dL Referencia : MULHERES: DE 2,5 A 6,2 mg/dL NOTA: - Pacientes em tratamento para gota, recomenda-se níveis séricos de ácido úrico abaixo de 6 mg/dL. 10 8 5,8 6 3,8 4,3 3,8 4 2 30/06/25 25/10/25 19/02/26 10/08/26 10:27:26 08:01:21 07:37:35 07:52:29","HOMENS : DE 3,7 A 7,7 mg/dL Referencia : MULHERES: DE 2,5 A 6,2 mg/dL",Feminino,Ambos,FALSE,10/08/2026
TGO (AST),U/L,"referência:HOMEM (ADULTOS) INFERIOR A 50 U/L MULHER (ADULTOS) INFERIOR A 35 U/L RECEM NASCIDOS 25 A 75 U/L INFANTIL 15 A 60 U/L Especificacoes da Qualidade Analitica: Coeficiente de Variacao Biologica Intra-Individual: 12,3% Erro Total Permitido..............................: 16,69% FONTE: James Westgard - EUA 100 80 60 40 22 22 28 35 27 20 14 0","referência:HOMEM (ADULTOS) INFERIOR A 50 U/L MULHER (ADULTOS) INFERIOR A 35 U/L RECEM NASCIDOS 25 A 75 U/L INFANTIL 15 A 60 U/L Especificacoes da Qualidade Analitica: Coeficiente de Variacao Biologica Intra-Individual: 12,3% Erro Total Permitido; : 16,69%",Feminino,Adulto,FALSE,25/02/2025
TGP (ALT),U/L,"HOMEM (ADULTOS) INFERIOR A 50 U/L Referencia : MULHER (ADULTOS) INFERIOR A 35 U/L RECEM NASCIDOS/CRIANCA COM MENOS DE 7 ANOS 13 A 45 U/L Especificacoes da Qualidade Analitica: Coeficiente de Variacao Biologica Intra-Individual: 19,40% Erro Total Permitido..............................: 27,48% FONTE: James Westgard - EUA 80 60 40 24 20 13 10 18 17 17 0 21/03/20 08/07/20 24/04/21 21/10/22 04/01/24 25/02/25","HOMEM (ADULTOS) INFERIOR A 50 U/L Referencia : MULHER (ADULTOS) INFERIOR A 35 U/L RECEM NASCIDOS/CRIANCA COM MENOS DE 7 ANOS 13 A 45 U/L Especificacoes da Qualidade Analitica: Coeficiente de Variacao Biologica Intra-Individual: 19,40% Erro Total Permitido; : 27,48%",Feminino,Adulto,FALSE,25/02/2025
Gama Gt,U/L,"HOMENS ADULTOS INFERIOR A 55 U/L Referencia : MULHERES ADULTAS INFERIOR A 38 U/L CRIANCAS HOMENS(U/L) MULHERES(U/L) 1 A 182 DIAS 12 A 122 15 A 132 183 A 365 DIAS 1 A 39 1 A 39 1 A 12 ANOS 3 A 22 4 A 22 13 A 18 ANOS 2 A 42 4 A 24 Especificacoes da Qualidade Analitica: Coeficiente de Variacao Biologica Intra-Individual: 13,4% 100 80 60 40 20 13,00 13,00 17,00 18,00 17,00 13,00","HOMENS ADULTOS INFERIOR A 55 U/L Referencia : MULHERES ADULTAS INFERIOR A 38 U/L CRIANCAS HOMENS(U/L) MULHERES(U/L) 1 A 182 DIAS 12 A 122 15 A 132 183 A 365 DIAS 1 A 39 1 A 39 1 A 12 ANOS 3 A 22 4 A 22 13 A 18 ANOS 2 A 42 4 A 24 Especificacoes da Qualidade Analitica: Coeficiente de Variacao Biologica Intra-Individual: 13,4% 100 80 60 40 20 13,00 13,00 17,00 18,00 17,00 13,00",Feminino,Adulto,FALSE,25/02/2025
Fosfatase Alcalina,U/L,"ADULTOS > A 17 ANOS: 30 A 120 U/L Referencia : CRIANCAS HOMENS(U/L) MULHERES(U/L) 1 - 30 DIAS 75 A 316 48 A 406 30D A 1 ANO 82 A 383 124 A 341 1 A 3 ANOS 104 A 345 108 A 317 4 A 6 ANOS 93 A 309 96 A 297 7 A 9 ANOS 86 A 315 69 A 325 10 A 12 ANOS 42 A 362 51 A 332 13 A 15 ANOS 74 A 390 50 A 162 16 A 18 ANOS 52 A 171 47 A 119 Especificacoes da Qualidade Analitica: Coeficiente de Variacao Biologica Intra-Individual: 6,45% Erro Total Permitido..............................: 12,04%","ADULTOS > A 17 ANOS: 30 A 120 U/L Referencia : CRIANCAS HOMENS(U/L) MULHERES(U/L) 1 - 30 DIAS 75 A 316 48 A 406 30D A 1 ANO 82 A 383 124 A 341 1 A 3 ANOS 104 A 345 108 A 317 4 A 6 ANOS 93 A 309 96 A 297 7 A 9 ANOS 86 A 315 69 A 325 10 A 12 ANOS 42 A 362 51 A 332 13 A 15 ANOS 74 A 390 50 A 162 16 A 18 ANOS 52 A 171 47 A 119 Especificacoes da Qualidade Analitica: Coeficiente de Variacao Biologica Intra-Individual: 6,45% Erro Total Permitido; : 12,04%",Feminino,Adulto,FALSE,25/02/2025
Cpk Creatino Fosfoquinase,U/L,HOMENS : INFERIOR OU IGUAL A 200 U/L Referencia : MULHERES: INFERIOR OU IGUAL A 180 U/L Atenção para alteração no valor de referência a partir de 11/06/25 1.500 1.000 500 142 186 71 0 25/10/25 19/02/26 10/08/26 08:01:21 07:37:35 07:52:29,HOMENS : INFERIOR OU IGUAL A 200 U/L Referencia : MULHERES: INFERIOR OU IGUAL A 180 U/L,Feminino,Ambos,FALSE,10/08/2026
Ferritina Sérica,ng/mL,"CRIANÇA (FEMININO E MASCULINO) DE 4 A 15 DIAS DE 99,6 A 717,0 DE 15 DIAS A 6 MESES DE 14,0 A 647,2 DE 6 MESES A 14 ANOS DE 5,3 A 181,9 ADULTO FEMININO : DE 20,0 A 300,0 MASCULINO: DE 30,0 A 600,0 NOTA Atenção para os novos valores de referência devido a mudança do kit. O kit atual apresenta concentrações de ferritina em média 83 mais altos do que o anterior. Pacientes em acompanhamento deverão ter seus valores realinhados Observações gerais:Atenção para alteração no valor de referência e nota partir de05/05/25","FEMININO E; 15 DIAS DE 99,6 A 717,0 DE 15 DIAS A 6 MESES DE 14,0 A 647,2 DE 6 MESES A 14 ANOS DE 5,3 A 181,9 ADULTO; FEMININO : DE 20,0 A 300,0",Feminino,Adulto,FALSE,30/06/2025
Creatinina Sérica,mg/dL,"HOMEM : DE 0,60 A 1,30 mg/dL MULHER : DE 0,50 A 1,10 mg/dL CRIANÇAS: IDADE SEXO MASCULINO SEXO FEMININO DE 0 A 14 DIAS DE 0,42 A 1,05 mg/dL DE 0,42 A 1,05 mg/dL DE 15 DIAS A 11 MESES DE 0,31 A 0,53 mg/dL DE 0,31 A 0,53 mg/dL DE 1 A 3 ANOS DE 0,39 A 0,55 mg/dL DE 0,39 A 0,55 mg/dL DE 4 A 6 ANOS DE 0,44 A 0,65 mg/dL DE 0,44 A 0,65 mg/dL DE 7 A 11 ANOS DE 0,52 A 0,69 mg/dL DE 0,52 A 0,69 mg/dL DE 12 A 14 ANOS DE 0,57 A 0,80 mg/dL DE 0,57 A 0,80 mg/dL DE 15 A 16 ANOS DE 0,65 A 1,04 mg/dL DE 0,59 A 0,86 mg/dL DE 17 A 18 ANOS DE 0,69 A 1,10 mg/dL DE 0,60 A 0,88 mg/dL RITMO DE FILTRAÇÃO GLOMERULAR Método : CÁLCULO PELA FÓRMULA CKD-EPI (2021)","MASCULINO SEXO; 14 DIAS DE 0,42 A 1,05 mg/dL DE 0,42 A 1,05 mg/dL DE 15 DIAS A 11 MESES DE 0,31 A 0,53 mg/dL DE 0,31 A 0,53 mg/dL; 3 ANOS DE 0,39 A 0,55 mg/dL DE 0,39 A 0,55 mg/dL; 6 ANOS DE 0,44 A 0,65 mg/dL DE 0,44 A 0,65 mg/dL; 11 ANOS DE 0,52 A 0,69 mg/dL DE 0,52 A 0,69 mg/dL; 14 ANOS DE 0,57 A 0,80 mg/dL DE 0,57 A 0,80 mg/dL; 16 ANOS DE 0,65 A 1,04 mg/dL DE 0,59 A 0,86 mg/dL; 18 ANOS DE 0,69 A 1,10 mg/dL DE 0,60 A 0,88 mg/dL RITMO DE FILTRAÇÃO GLOMERULAR",Masculino,Adulto,FALSE,10/08/2026
TGO (AST),U/L,referência:HOMENS : INFERIOR OU IGUAL A 40 U/L MULHERES: INFERIOR OU IGUAL A 33 U/L Atenção para alteração no valor de referência a partir de 11/06/25 100 80 60 40 19 20 20 0 25/10/25 10/08/26 08:02:51 07:52:33,referência:HOMENS : INFERIOR OU IGUAL A 40 U/L MULHERES: INFERIOR OU IGUAL A 33 U/L,Masculino,Ambos,FALSE,10/08/2026
TGP (ALT),U/L,HOMENS : INFERIOR OU IGUAL A 45 U/L Referencia : MULHERES: INFERIOR OU IGUAL A 34 U/L Atenção para alteração no valor de referência a partir de 11/06/25 80 60 40 21 21 20 0 25/10/25 10/08/26 08:02:51 07:52:33,HOMENS : INFERIOR OU IGUAL A 45 U/L Referencia : MULHERES: INFERIOR OU IGUAL A 34 U/L,Masculino,Ambos,FALSE,10/08/2026
Gama Gt,U/L,HOMENS : INFERIOR A 73 U/L Referencia : MULHERES: INFERIOR A 38 U/L 100 80 60 40 17 17 20 0 25/10/25 10/08/26 08:02:51 07:52:33,HOMENS : INFERIOR A 73 U/L Referencia : MULHERES: INFERIOR A 38 U/L 100 80 60 40 17 17 20 0 25/10/25 10/08/26 08:02:51 07:52:33,Masculino,Ambos,FALSE,10/08/2026
Fosfatase Alcalina,U/L,SEXO MASCULINO: Referencia : DE 0 A 14 DIAS : DE 90 A 273 U/L DE 15 DIAS A 11 MESES : DE 134 A 518 U/L DE 1 A 2 ANOS : DE 156 A 369 U/L DE 3 A 5 ANOS : DE 144 A 327 U/L DE 6 A 10 ANOS : DE 153 A 367 U/L DE 11 A 15 ANOS : DE 113 A 438 U/L DE 16 A 21 ANOS : DE 56 A 167 U/L DE 22 A 79 ANOS : DE 50 A 116 U/L SEXO FEMININO: DE 0 A 14 DIAS : DE 90 A 273 U/L DE 15 DIAS A 11 MESES : DE 134 A 518 U/L DE 1 A 2 ANOS : DE 156 A 369 U/L DE 3 A 5 ANOS : DE 144 A 327 U/L,SEXO; MASCULINO: Referencia :; 14 DIAS :; 273 U/L DE 15 DIAS A 11 MESES :; 518 U/L; 2 ANOS :; 369 U/L; 5 ANOS :; 327 U/L; 10 ANOS :; 367 U/L; 15 ANOS :; 438 U/L; 21 ANOS :; 167 U/L; 79 ANOS :; 116 U/L SEXO; 14 DIAS :; 273 U/L DE 15 DIAS A 11 MESES :; 518 U/L; 2 ANOS :; 369 U/L; 5 ANOS :; 327 U/L,Masculino,Ambos,FALSE,10/08/2026
Creatinina Sérica,mg/dL,"HOMEM : DE 0,60 A 1,30 mg/dL MULHER : DE 0,50 A 1,10 mg/dL CRIANÇAS: IDADE SEXO MASCULINO SEXO FEMININO DE 0 A 14 DIAS DE 0,42 A 1,05 mg/dL DE 0,42 A 1,05 mg/dL DE 15 DIAS A 11 MESES DE 0,31 A 0,53 mg/dL DE 0,31 A 0,53 mg/dL DE 1 A 3 ANOS DE 0,39 A 0,55 mg/dL DE 0,39 A 0,55 mg/dL DE 4 A 6 ANOS DE 0,44 A 0,65 mg/dL DE 0,44 A 0,65 mg/dL DE 7 A 11 ANOS DE 0,52 A 0,69 mg/dL DE 0,52 A 0,69 mg/dL DE 12 A 14 ANOS DE 0,57 A 0,80 mg/dL DE 0,57 A 0,80 mg/dL DE 15 A 16 ANOS DE 0,65 A 1,04 mg/dL DE 0,59 A 0,86 mg/dL DE 17 A 18 ANOS DE 0,69 A 1,10 mg/dL DE 0,60 A 0,88 mg/dL RITMO DE FILTRAÇÃO GLOMERULAR Método : CÁLCULO PELA FÓRMULA CKD-EPI (2021)","FEMININO; 14 DIAS DE 0,42 A 1,05 mg/dL DE 0,42 A 1,05 mg/dL DE 15 DIAS A 11 MESES DE 0,31 A 0,53 mg/dL DE 0,31 A 0,53 mg/dL; 3 ANOS DE 0,39 A 0,55 mg/dL DE 0,39 A 0,55 mg/dL; 6 ANOS DE 0,44 A 0,65 mg/dL DE 0,44 A 0,65 mg/dL; 11 ANOS DE 0,52 A 0,69 mg/dL DE 0,52 A 0,69 mg/dL; 14 ANOS DE 0,57 A 0,80 mg/dL DE 0,57 A 0,80 mg/dL; 16 ANOS DE 0,65 A 1,04 mg/dL DE 0,59 A 0,86 mg/dL; 18 ANOS DE 0,69 A 1,10 mg/dL DE 0,60 A 0,88 mg/dL RITMO DE FILTRAÇÃO GLOMERULAR",Feminino,Adulto,FALSE,10/08/2026
TGO (AST),U/L,referência:HOMENS : INFERIOR OU IGUAL A 40 U/L MULHERES: INFERIOR OU IGUAL A 33 U/L Atenção para alteração no valor de referência a partir de 11/06/25 100 80 60 40 32 29 30 20 0 25/10/25 19/02/26 10/08/26 08:01:23 07:37:38 07:52:26,referência:HOMENS : INFERIOR OU IGUAL A 40 U/L MULHERES: INFERIOR OU IGUAL A 33 U/L,Feminino,Ambos,FALSE,10/08/2026
TGP (ALT),U/L,HOMENS : INFERIOR OU IGUAL A 45 U/L Referencia : MULHERES: INFERIOR OU IGUAL A 34 U/L Atenção para alteração no valor de referência a partir de 11/06/25 80 60 40 22 17 26 20 0 25/10/25 19/02/26 10/08/26 08:01:23 07:37:38 07:52:26,HOMENS : INFERIOR OU IGUAL A 45 U/L Referencia : MULHERES: INFERIOR OU IGUAL A 34 U/L,Feminino,Ambos,FALSE,10/08/2026
Gama Gt,U/L,HOMENS : INFERIOR A 73 U/L Referencia : MULHERES: INFERIOR A 38 U/L 100 80 60 40 16 18 18 20 0 25/10/25 19/02/26 10/08/26 08:01:23 07:37:38 07:52:26,HOMENS : INFERIOR A 73 U/L Referencia : MULHERES: INFERIOR A 38 U/L 100 80 60 40 16 18 18 20 0 25/10/25 19/02/26 10/08/26 08:01:23 07:37:38 07:52:26,Feminino,Ambos,FALSE,10/08/2026
Fosfatase Alcalina,U/L,SEXO MASCULINO: Referencia : DE 0 A 14 DIAS : DE 90 A 273 U/L DE 15 DIAS A 11 MESES : DE 134 A 518 U/L DE 1 A 2 ANOS : DE 156 A 369 U/L DE 3 A 5 ANOS : DE 144 A 327 U/L DE 6 A 10 ANOS : DE 153 A 367 U/L DE 11 A 15 ANOS : DE 113 A 438 U/L DE 16 A 21 ANOS : DE 56 A 167 U/L DE 22 A 79 ANOS : DE 50 A 116 U/L SEXO FEMININO: DE 0 A 14 DIAS : DE 90 A 273 U/L DE 15 DIAS A 11 MESES : DE 134 A 518 U/L DE 1 A 2 ANOS : DE 156 A 369 U/L DE 3 A 5 ANOS : DE 144 A 327 U/L,SEXO; 14 DIAS :; 273 U/L DE 15 DIAS A 11 MESES :; 518 U/L; 2 ANOS :; 369 U/L; 5 ANOS :; 327 U/L; 10 ANOS :; 367 U/L; 15 ANOS :; 438 U/L; 21 ANOS :; 167 U/L; 79 ANOS :; 116 U/L SEXO; FEMININO:; 14 DIAS :; 273 U/L DE 15 DIAS A 11 MESES :; 518 U/L; 2 ANOS :; 369 U/L; 5 ANOS :; 327 U/L,Feminino,Ambos,FALSE,10/08/2026
